year,country,session,happiness_average,happiness_standard_deviation
2020,AFG,75,5.432658753709199,1.1259109198813058
2020,AGO,75,5.418632958801498,1.1310449438202248
2020,ALB,75,5.537095926412614,1.1440758869908016
2020,AND,75,5.436846052051169,1.1343796647551831
2020,ARE,75,5.440422018348624,1.1405149235474006
2020,ARG,75,5.41683765841883,1.1424433916716958
2020,ARM,75,5.424037066881547,1.1399331990330377
2020,ATG,75,5.347927496580027,1.1501705198358414
2020,AUS,75,5.519648414985591,1.136717521613833
2020,AUT,75,5.359172881355932,1.1497277288135592
2020,AZE,75,5.297983555207518,1.1431178543461238
2020,BDI,75,5.445592105263157,1.138234928229665
2020,BEL,75,5.406355976829911,1.1369437072143231
2020,BEN,75,5.451887445887446,1.1314569696969696
2020,BFA,75,5.420192926045016,1.1456812861736334
2020,BGD,75,5.513992953611275,1.147497592483852
2020,BGR,75,5.418413361169103,1.1320302018093251
2020,BHR,75,5.569500978473582,1.112846575342466
2020,BHS,75,5.459339366515837,1.1443123076923076
2020,BIH,75,5.428083447959652,1.1333488766620814
2020,BLR,75,5.373872157344807,1.1390306084818684
2020,BLZ,75,5.411557729941292,1.1329991389432483
2020,BOL,75,5.406682170542636,1.1172641860465116
2020,BRA,75,5.460054878048781,1.1582883536585369
2020,BRB,75,5.430982478097621,1.1418920525657072
2020,BTN,75,5.52322662601626,1.1464970020325205
2020,BWA,75,5.426510101010101,1.145237525252525
2020,CAF,75,5.505688291139241,1.1499236550632912
2020,CAN,75,5.3894889937106925,1.1340228773584906
2020,CHE,75,5.4277078891258,1.1288199360341151
2020,CHL,75,5.492791878172589,1.1536872733865118
2020,CHN,75,5.503050030138637,1.162184629294756
2020,CIV,75,5.4671981320880585,1.1523641761174117
2020,CMR,75,5.455960679177837,1.133424218051832
2020,COD,75,5.404448082319925,1.1317065014031804
2020,COG,75,5.417782738095238,1.1470571428571428
2020,COL,75,5.429688109161794,1.1272408057179988
2020,COM,75,5.459166163141994,1.1375381268882174
2020,CPV,75,5.452805944055944,1.128040646853147
2020,CRI,75,5.399437712069802,1.1410488124091132
2020,CUB,75,5.333494031221304,1.1296436179981637
2020,CYP,75,5.386906443071492,1.102945145631068
2020,CZE,75,5.445582306830908,1.1425411534154537
2020,DEU,75,5.3505221615057685,1.1170964784456587
2020,DJI,75,5.38794927536232,1.1480728985507247
2020,DMA,75,5.472259970457903,1.141620014771049
2020,DNK,75,5.520687732342008,1.160810408921933
2020,DOM,75,5.458087330873309,1.132179827798278
2020,DZA,75,5.46988309352518,1.1267186151079136
2020,ECU,75,5.419357142857143,1.1502954464285713
2020,EGY,75,5.418308823529412,1.1145107620320855
2020,ERI,75,5.335571428571429,1.1192719047619049
2020,ESP,75,5.409495333563775,1.1374893536121673
2020,EST,75,5.4283192261185,1.1692604594921403
2020,ETH,75,5.4791911764705885,1.140465651260504
2020,EU,75,5.5071668667467,1.1346469987995198
2020,FIN,75,5.438461538461539,1.1564750952018277
2020,FJI,75,5.4786588720770295,1.1656018569463549
2020,FRA,75,5.43224657960199,1.1223731343283585
2020,FSM,75,5.563313896987366,1.1479122448979593
2020,GAB,75,5.463145161290322,1.1318526881720432
2020,GBR,75,5.378730748805099,1.1318445565586828
2020,GEO,75,5.455370799536501,1.1369213789107764
2020,GHA,75,5.400154639175257,1.12914911634757
2020,GIN,75,5.488584070796461,1.1272084702907712
2020,GMB,75,5.51419329696025,1.1543179267342167
2020,GNB,75,5.521501154734412,1.1389937644341803
2020,GNQ,75,5.40625468164794,1.1386749063670412
2020,GRC,75,5.4625391180654335,1.1422526315789474
2020,GRD,75,5.479617672047579,1.1522167374681394
2020,GTM,75,5.458379290939787,1.1497909960607766
2020,GUY,75,5.497635887360838,1.1487223968565814
2020,HND,75,5.4339473684210535,1.1401806659505906
2020,HRV,75,5.437410579345088,1.1304954659949622
2020,HTI,75,5.477465968586388,1.1526947643979055
2020,HUN,75,5.418702791461412,1.1423311986863711
2020,IDN,75,5.509951865222624,1.1536044524669076
2020,IND,75,5.502547297297297,1.1664305405405404
2020,IRL,75,5.399633447880871,1.156642439862543
2020,IRN,75,5.345003773584906,1.1453554716981131
2020,IRQ,75,5.298055720213396,1.1393113811499704
2020,ISL,75,5.481386138613861,1.1527256718528995
2020,ISR,75,5.305740740740741,1.1407622222222222
2020,ITA,75,5.48067706013363,1.1465319376391985
2020,JAM,75,5.50843648208469,1.1486350977198696
2020,JOR,75,5.526263237518911,1.1516671709531012
2020,JPN,75,5.436416726748377,1.1481807498197547
2020,KAZ,75,5.45651376146789,1.156885124508519
2020,KEN,75,5.491133300049925,1.1350736894658011
2020,KGZ,75,5.5005,1.1420416666666666
2020,KHM,75,5.375186781609195,1.140137787356322
2020,KIR,75,5.5169159420289855,1.1417482898550724
2020,KNA,75,5.515624227441285,1.151335784919654
2020,KOR,75,5.502573325954621,1.1575761483121196
2020,KWT,75,5.401671626984127,1.1246206845238096
2020,LAO,75,5.503442822384428,1.1415798661800487
2020,LBN,75,5.391295407813571,1.1411076079506512
2020,LBR,75,5.450419407894737,1.1334794407894735
2020,LBY,75,5.389819349658772,1.1314667201926938
2020,LCA,75,5.452965931863728,1.1476481462925854
2020,LIE,75,5.411144545943041,1.136003546480387
2020,LKA,75,5.434245487364621,1.1443700361010831
2020,LSO,75,5.439443186962427,1.1291827523766411
2020,LTU,75,5.407064393939394,1.1775479166666667
2020,LUX,75,5.411675126903553,1.123461836640517
2020,LVA,75,5.504626129827446,1.163226047658176
2020,MAR,75,5.388941120607788,1.1288547483380815
2020,MCO,75,5.394109297374024,1.1226307310149042
2020,MDA,75,5.480027637033625,1.1367981114693688
2020,MDG,75,5.5132917214191846,1.1273971090670172
2020,MDV,75,5.474140409065783,1.1645130458817026
2020,MEX,75,5.451973791973792,1.1421954135954138
2020,MHL,75,5.459397427217333,1.1744228165199728
2020,MKD,75,5.466359189378057,1.1413608665269044
2020,MLT,75,5.431080565101183,1.1382411607483771
2020,MMR,75,5.367372982665868,1.155089001793186
2020,MNE,75,5.526967551622418,1.1176391150442475
2020,MNG,75,5.438235294117647,1.1492064856711917
2020,MOZ,75,5.5326025641025645,1.1173226923076924
2020,MRT,75,5.462789115646259,1.1451537414965989
2020,MUS,75,5.385417789757413,1.1174867924528302
2020,MWI,75,5.5040723270440255,1.1447426886792451
2020,MYS,75,5.392356776897997,1.135053376804844
2020,NAM,75,5.506457286432161,1.1475103852596311
2020,NER,75,5.438110098176718,1.1408058204768583
2020,NGA,75,5.490827873734366,1.1435794520547944
2020,NIC,75,5.4684176182708,1.1260682707993477
2020,NLD,75,5.4268504901960775,1.1524335784313726
2020,NOR,75,5.514465648854963,1.1703881679389312
2020,NPL,75,5.487772045028143,1.1518342870544092
2020,NRU,75,5.475625294950449,1.1432945729117507
2020,NZL,75,5.512961832061069,1.1444499236641223
2020,OMN,75,5.572203219315896,1.127862273641851
2020,PAK,75,5.339891961970614,1.1697117113223856
2020,PAN,75,5.45294964028777,1.1504755395683457
2020,PER,75,5.43021052631579,1.1485995394736843
2020,PHL,75,5.376762711864406,1.1434902824858757
2020,PLW,75,5.492997971602434,1.1461372819472615
2020,PNG,75,5.51482186432406,1.1489780868716446
2020,POL,75,5.397323804829965,1.128129078363726
2020,PRK,75,5.413899745114699,1.1361558198810535
2020,PRT,75,5.462651779483601,1.126874528960223
2020,PRY,75,5.482298221614228,1.1435313269493843
2020,PSE,75,5.492948846539619,1.1431722166499498
2020,QAT,75,5.418548931383577,1.1049295838020248
2020,ROU,75,5.575279429250893,1.144185731272295
2020,RUS,75,5.440696564885497,1.130006393129771
2020,RWA,75,5.498800738007381,1.1573946494464944
2020,SAU,75,5.382869449966866,1.131940954274354
2020,SDN,75,5.450898004434591,1.1180168514412416
2020,SEN,75,5.4633982114676485,1.141915360336665
2020,SGP,75,5.492828116419549,1.1482234486545853
2020,SLB,75,5.492151717557252,1.1697499045801527
2020,SLE,75,5.49656929347826,1.142185801630435
2020,SLV,75,5.505629595588236,1.1304063419117647
2020,SMR,75,5.455483304042179,1.1346916813122436
2020,SOM,75,5.522650701899257,1.1544990916597853
2020,SRB,75,5.489944444444445,1.1190870512820512
2020,STP,75,5.446267409470752,1.1359571959145778
2020,SUR,75,5.52240671641791,1.1480643656716418
2020,SVK,75,5.432635746606334,1.1363306561085973
2020,SVN,75,5.565622119815669,1.1600117050691243
2020,SWE,75,5.513664179104477,1.1727403731343282
2020,SWZ,75,5.489984787018256,1.1401219066937125
2020,SYC,75,5.4500157232704405,1.1432675314465408
2020,SYR,75,5.300146561443066,1.1339745772266066
2020,TCD,75,5.373816753926701,1.128295235602094
2020,TGO,75,5.4376997041420125,1.137407766272189
2020,THA,75,5.557965887555275,1.1520230574857864
2020,TJK,75,5.455375123395854,1.1211931885488646
2020,TKM,75,5.494818599897803,1.1299582524271845
2020,TLS,75,5.462343129467832,1.1439079428117551
2020,TON,75,5.450732054015636,1.1347496090973703
2020,TTO,75,5.498836291913214,1.1379107001972388
2020,TUN,75,5.5208157099697885,1.1215697885196374
2020,TUR,75,5.392854518736223,1.1393313005143275
2020,TUV,75,5.502354388843314,1.1503924528301883
2020,TZA,75,5.511564584596725,1.1393173438447544
2020,UGA,75,5.455640668523677,1.131221123491179
2020,UKR,75,5.349689768976898,1.116340726072607
2020,URY,75,5.478743909041689,1.1288334596643204
2020,USA,75,5.485858468677495,1.1852881670533644
2020,UZB,75,5.501148648648648,1.1389397297297297
2020,VAT,75,5.394007815892315,1.137989014329136
2020,VCT,75,5.421637591446258,1.1378935284186833
2020,VEN,75,5.422448505947201,1.1363319698288368
2020,VNM,75,5.547556756756756,1.138060108108108
2020,VUT,75,5.528099847172695,1.152209424350484
2020,WSM,75,5.461549560853199,1.134649435382685
2020,YEM,75,5.423162544169611,1.1123975265017667
2020,ZAF,75,5.442809160305344,1.1372058015267177
2020,ZMB,75,5.502368421052632,1.131400701754386
2020,ZWE,75,5.518262910798122,1.1500281690140848
2021,AGO,76,5.392113502935421,1.1172603718199607
2021,ALB,76,5.436967849223947,1.1303878603104214
2021,AND,76,5.4653857421875,1.127806787109375
2021,ARE,76,5.496502890173411,1.131867803468208
2021,ARG,76,5.37673849737915,1.1354958648806055
2021,ARM,76,5.333280562884784,1.1048277044854882
2021,ATG,76,5.337550321199144,1.1501084368308352
2021,AUS,76,5.583923913043478,1.153565
2021,AUT,76,5.424952864394489,1.1572849166062364
2021,AZE,76,5.346387399463807,1.1289305294906165
2021,BDI,76,5.454243856332703,1.133100992438563
2021,BEL,76,5.401016166281755,1.155266339491917
2021,BEN,76,5.536440860215055,1.1574564516129031
2021,BFA,76,5.433385909568875,1.1381982649842273
2021,BGD,76,5.476712666338098,1.151582848693938
2021,BGR,76,5.430831074977417,1.1471686540198736
2021,BHR,76,5.502616520535303,1.1290805260729118
2021,BHS,76,5.441067415730337,1.1395551264044943
2021,BIH,76,5.421667260420377,1.1295407552547203
2021,BLR,76,5.319190981432361,1.129878647214854
2021,BLZ,76,5.4081105990783405,1.1409184331797233
2021,BOL,76,5.43830016583748,1.1407425787728025
2021,BRA,76,5.508428571428572,1.170733233082707
2021,BRB,76,5.39687120291616,1.1382559538274606
2021,BRN,76,5.523258096172718,1.1247660451422965
2021,BTN,76,5.52989577905159,1.1484282959874936
2021,BWA,76,5.496967063129002,1.1295182982616652
2021,CAF,76,5.47863255033557,1.1442640100671142
2021,CAN,76,5.454681194511704,1.1438150928167878
2021,CHE,76,5.5489201451905625,1.1618499092558985
2021,CHL,76,5.418300153139357,1.137203790199081
2021,CHN,76,5.59283033033033,1.1634472222222223
2021,CIV,76,5.44869262295082,1.1215152049180328
2021,CMR,76,5.509493813273341,1.1399094488188977
2021,COD,76,5.36689338731444,1.1378270175438596
2021,COG,76,5.4249215832710975,1.1350386109036594
2021,COL,76,5.458008658008658,1.1375447186147187
2021,COM,76,5.4936394302848575,1.1259857946026983
2021,CPV,76,5.4938972667295,1.1273858152686145
2021,CRI,76,5.439621710526315,1.1355938048245613
2021,CUB,76,5.380579787234042,1.1333376063829783
2021,CYP,76,5.369491677912731,1.1033631129104815
2021,CZE,76,5.450296191819464,1.1650964033850495
2021,DEU,76,5.476988847583643,1.149519543281997
2021,DJI,76,5.477539094650207,1.1435350617283953
2021,DMA,76,5.48322033898305,1.1467668886198548
2021,DNK,76,5.531325136612022,1.162673224043716
2021,DOM,76,5.385995686556434,1.1301150251617542
2021,DZA,76,5.44027929901424,1.124141730558598
2021,ECU,76,5.484030226700251,1.1426020151133502
2021,EGY,76,5.459141104294479,1.1390366257668711
2021,ERI,76,5.385537848605578,1.117025498007968
2021,ESP,76,5.467243107769424,1.1371373990531886
2021,EST,76,5.477343392775491,1.141718792866941
2021,ETH,76,5.438771159874609,1.1413414420062695
2021,EU,76,5.48200539083558,1.1469730458221024
2021,FIN,76,5.480342972427708,1.1532954942837927
2021,FJI,76,5.429609629147691,1.1498206896551726
2021,FRA,76,5.435487867836861,1.1469146102219927
2021,FSM,76,5.573458646616541,1.148931746031746
2021,GAB,76,5.492019922523521,1.144952573325955
2021,GBR,76,5.478593514328808,1.1396657239819006
2021,GEO,76,5.5671875,1.1496231991525423
2021,GHA,76,5.454172701949862,1.1436054596100278
2021,GIN,76,5.438158096699922,1.127398925556408
2021,GMB,76,5.48303952991453,1.140640918803419
2021,GNB,76,5.559904306220096,1.1364287081339717
2021,GNQ,76,5.425508333333334,1.1230056666666668
2021,GRC,76,5.451322360953462,1.1424350737797957
2021,GRD,76,5.451863777089783,1.1226631578947368
2021,GTM,76,5.4216869565217385,1.1320159130434782
2021,GUY,76,5.402204061416542,1.139892917285785
2021,HND,76,5.36516295025729,1.1374815437392796
2021,HRV,76,5.41776731301939,1.142656398891967
2021,HTI,76,5.440883838383839,1.1516406565656567
2021,HUN,76,5.396068376068376,1.1385078754578757
2021,IDN,76,5.484906367041198,1.1775331460674157
2021,IND,76,5.523399857448325,1.1653978617248757
2021,IRL,76,5.47477323753929,1.14359317467445
2021,IRN,76,5.343083003952568,1.1328835686053078
2021,IRQ,76,5.312889006903877,1.1282108337758896
2021,ISL,76,5.499072847682119,1.1446008830022076
2021,ISR,76,5.344397321428571,1.1503094196428572
2021,ITA,76,5.435157462345961,1.14391821086262
2021,JAM,76,5.471736526946108,1.1463375914836993
2021,JOR,76,5.446930693069307,1.1824008663366337
2021,JPN,76,5.562475355969331,1.1490254107338445
2021,KAZ,76,5.475783633841886,1.1620966019417476
2021,KEN,76,5.502877247849883,1.1518709929632525
2021,KGZ,76,5.505186781609195,1.1309737068965515
2021,KHM,76,5.487394859813084,1.1321130841121496
2021,KIR,76,5.62767369242779,1.1492865729898518
2021,KNA,76,5.4570122887864825,1.1259440860215053
2021,KOR,76,5.562297441364606,1.1467775053304905
2021,KWT,76,5.377078514911747,1.123445465611686
2021,LAO,76,5.487277486910995,1.1372530104712042
2021,LBN,76,5.317224755700326,1.1256065798045602
2021,LBR,76,5.511894197952218,1.1200055176336747
2021,LBY,76,5.427593818984548,1.1276568064753496
2021,LCA,76,5.458204211362733,1.1511341676599127
2021,LIE,76,5.451233333333334,1.1392978666666669
2021,LKA,76,5.473471283783784,1.1392063344594594
2021,LSO,76,5.423651603498542,1.1304010932944606
2021,LTU,76,5.448173207036536,1.1522987821380244
2021,LUX,76,5.449725420726307,1.1418281369943903
2021,LVA,76,5.533303934871099,1.1657541383989145
2021,MAR,76,5.480244195356285,1.1293752602081666
2021,MCO,76,5.491231117824773,1.1561132175226585
2021,MDA,76,5.528545176110261,1.1585205972434915
2021,MDG,76,5.456723460026213,1.1337502621231978
2021,MDV,76,5.455340035481963,1.1412995860437611
2021,MEX,76,5.463322303110523,1.1381195234943746
2021,MHL,76,5.473923976608187,1.1763646783625732
2021,MKD,76,5.505508528111181,1.1436670246367655
2021,MLI,76,5.352987431517886,1.1099208185626812
2021,MLT,76,5.432410828025479,1.128071305732484
2021,MNE,76,5.504598698481562,1.116272776572668
2021,MNG,76,5.48054134223211,1.1340829810901
2021,MOZ,76,5.458659392049883,1.118761886204209
2021,MRT,76,5.4020699708454805,1.1191441690962098
2021,MUS,76,5.447004519044545,1.1363107811491284
2021,MWI,76,5.425462382445141,1.1276025862068966
2021,MYS,76,5.423410404624278,1.1423480250481697
2021,NAM,76,5.473115879828327,1.147354763948498
2021,NER,76,5.39553180914513,1.11529796222664
2021,NGA,76,5.420909090909091,1.1379137608966376
2021,NIC,76,5.4789944392956444,1.1380700648748845
2021,NLD,76,5.411747047244095,1.153908907480315
2021,NOR,76,5.509060402684564,1.1641434750186428
2021,NPL,76,5.5067466027178265,1.1300107114308553
2021,NRU,76,5.52225449515906,1.140870723835869
2021,NZL,76,5.493055801594331,1.1371383082373785
2021,OMN,76,5.553260233918129,1.122357821637427
2021,PAK,76,5.242308755760368,1.1555811059907837
2021,PAN,76,5.481333333333334,1.1362870707070707
2021,PER,76,5.473020833333334,1.132520588235294
2021,PHL,76,5.383581395348837,1.1498663565891474
2021,PLW,76,5.506833922261484,1.1336506713780918
2021,PNG,76,5.567842146189736,1.1475803460342149
2021,POL,76,5.429436968838527,1.1408377478753542
2021,PRK,76,5.369780353874313,1.1494332824893227
2021,PRT,76,5.4700129870129865,1.132955844155844
2021,PRY,76,5.496252796420581,1.1386704697986578
2021,PSE,76,5.412409460458241,1.130327937915743
2021,QAT,76,5.360050581689428,1.1231561456752654
2021,ROU,76,5.485729847494553,1.1379030501089324
2021,RUS,76,5.41270134228188,1.1250397651006712
2021,RWA,76,5.428172839506172,1.132499012345679
2021,SAU,76,5.448746327130264,1.1240845249755145
2021,SDN,76,5.482734806629834,1.1400900000000005
2021,SEN,76,5.470993243243243,1.1381814864864863
2021,SGP,76,5.5424009750152345,1.155112309567337
2021,SLB,76,5.5108854781582055,1.16841857536403
2021,SLE,76,5.550583190394512,1.1569552887364207
2021,SLV,76,5.450917573872473,1.114064541213064
2021,SMR,76,5.4543329253365975,1.1439210526315788
2021,SOM,76,5.533504273504273,1.146082051282051
2021,SRB,76,5.437160493827161,1.1351662372517444
2021,SSD,76,5.510870288248337,1.1273573725055432
2021,STP,76,5.458664850136239,1.1337619891008175
2021,SUR,76,5.51844385499558,1.1473047745358091
2021,SVK,76,5.432369942196532,1.1632453179190752
2021,SVN,76,5.536517775752051,1.1664929808568825
2021,SWE,76,5.52273187183811,1.173050168634064
2021,SWZ,76,5.461024390243902,1.118907317073171
2021,SYC,76,5.443503902862098,1.1312980052038162
2021,SYR,76,5.269559529001309,1.1323827736589622
2021,TCD,76,5.365368314833502,1.124827346115035
2021,TGO,76,5.465610663360199,1.151991940483571
2021,THA,76,5.524270582571016,1.1443190178141551
2021,TJK,76,5.389451249387554,1.118338020578148
2021,TKM,76,5.520611510791366,1.1300789928057553
2021,TLS,76,5.492901665771091,1.128723965609887
2021,TON,76,5.4908081471747705,1.1318281865965834
2021,TTO,76,5.441389484978541,1.1401954935622318
2021,TUN,76,5.5287212863705975,1.1299283307810106
2021,TUR,76,5.452819412347309,1.1412653681082865
2021,TUV,76,5.496175243393602,1.152592280945758
2021,TZA,76,5.431384615384616,1.119102783882784
2021,UGA,76,5.446903594771241,1.1302655228758172
2021,UKR,76,5.388961507618284,1.1327927425821973
2021,URY,76,5.44407022106632,1.115784265279584
2021,USA,76,5.510368144252442,1.153098597545705
2021,UZB,76,5.559176161262052,1.1313878177037686
2021,VAT,76,5.390662759242561,1.1525679891794411
2021,VCT,76,5.389525525525525,1.1198454054054054
2021,VEN,76,5.488646313364056,1.1396416474654378
2021,VNM,76,5.541795023696683,1.1362651658767773
2021,VUT,76,5.529497178040021,1.151172498717291
2021,WSM,76,5.4598556797020485,1.1462069366852885
2021,YEM,76,5.390631578947368,1.1257947368421053
2021,ZAF,76,5.4799424736337485,1.1446342281879196
2021,ZMB,76,5.501790823877651,1.1469425259003454
2021,ZWE,76,5.51785980611484,1.160628038777032
2022,AGO,77,5.442957610789981,1.1290050096339113
2022,ALB,77,5.337427606177607,1.1294508204633205
2022,AND,77,5.49374897456932,1.1370192370795735
2022,ARE,77,5.454198659354052,1.1326901889092018
2022,ARG,77,5.446554894537588,1.1422876149269876
2022,ARM,77,5.307059838895282,1.1091200230149596
2022,ATG,77,5.318726067746686,1.1407018409425629
2022,AUS,77,5.4989503280224925,1.1542502343017806
2022,AUT,77,5.324922349763673,1.1496006752194463
2022,AZE,77,5.431114850652083,1.1218032393773665
2022,BDI,77,5.513932419196866,1.150358521057787
2022,BEL,77,5.36392156862745,1.1657121356650768
2022,BEN,77,5.488029480217223,1.116402715283165
2022,BFA,77,5.437147766323024,1.123960235640648
2022,BGD,77,5.491006928406467,1.1645552886836028
2022,BGR,77,5.4567676003028005,1.1304574564723695
2022,BHR,77,5.509647887323943,1.136823541247485
2022,BHS,77,5.406338888888889,1.1458846666666669
2022,BIH,77,5.374755713159969,1.1241002758077223
2022,BLR,77,5.343386868209731,1.1338450637694852
2022,BLZ,77,5.335634171907756,1.1468197589098532
2022,BOL,77,5.370708534621579,1.139587922705314
2022,BRA,77,5.453939393939394,1.1412379679144389
2022,BRB,77,5.37943342776204,1.1298647308781868
2022,BRN,77,5.461322482197355,1.1139738555442524
2022,BTN,77,5.517318705838601,1.1294843436221644
2022,BWA,77,5.518367262152056,1.12843967594516
2022,CAF,77,5.51007299270073,1.1406618815896188
2022,CAN,77,5.436819980217607,1.1596696834817013
2022,CHE,77,5.518438576349024,1.1315987370838116
2022,CHL,77,5.445543237250555,1.1366571175166298
2022,CHN,77,5.51809963099631,1.1579550184501846
2022,CIV,77,5.406741379310344,1.146930948275862
2022,CMR,77,5.377121369294606,1.1093184128630706
2022,COD,77,5.384924568965517,1.1249022898706895
2022,COG,77,5.36801775147929,1.138014349112426
2022,COL,77,5.264884860362567,1.149551984321411
2022,COM,77,5.4388297872340425,1.1324214893617022
2022,CPV,77,5.478873121869784,1.1046107679465778
2022,CRI,77,5.423640378548897,1.1383352050473186
2022,CUB,77,5.346016796640673,1.1493635872825434
2022,CYP,77,5.342108716026242,1.0975535145267103
2022,CZE,77,5.317100737100736,1.1603683046683049
2022,DEU,77,5.428625812441968,1.1387306406685238
2022,DJI,77,5.441221001221002,1.134301037851038
2022,DMA,77,5.403122326775021,1.1347720273738238
2022,DNK,77,5.442104945717732,1.1365286489746684
2022,DOM,77,5.307296248382924,1.136782018111255
2022,DZA,77,5.429832361516035,1.1132409620991257
2022,ECU,77,5.403444786625605,1.1355736911570613
2022,EGY,77,5.433391883706844,1.1301674742580254
2022,ERI,77,5.371186943620178,1.112390356083086
2022,ESP,77,5.452369587453119,1.132181316058643
2022,EST,77,5.285784215784216,1.1537159340659342
2022,ETH,77,5.473397129186602,1.1523511961722488
2022,EU,77,5.356747095621091,1.1258428954423592
2022,FIN,77,5.356529126213593,1.1517341423948215
2022,FJI,77,5.494041878172589,1.160840228426396
2022,FRA,77,5.384521183981427,1.1336733604178757
2022,FSM,77,5.479719848053182,1.133722222222222
2022,GAB,77,5.430336983993261,1.151293091828138
2022,GBR,77,5.533329334133173,1.1441575884823036
2022,GEO,77,5.565066445182724,1.1416172203765227
2022,GHA,77,5.397878598247811,1.15678535669587
2022,GIN,77,5.423873873873874,1.127288416988417
2022,GMB,77,5.514561781609195,1.156630172413793
2022,GNB,77,5.453657407407408,1.1399158950617283
2022,GNQ,77,5.414121900826446,1.119035227272727
2022,GRC,77,5.4074709742554266,1.1409394245330642
2022,GRD,77,5.442209753992231,1.1389736728528268
2022,GTM,77,5.387671691792296,1.1333146147403683
2022,GUY,77,5.496110363391656,1.1322986541049798
2022,HND,77,5.356276686592656,1.1455490179333905
2022,HRV,77,5.455544318857823,1.141497977394408
2022,HTI,77,5.3780921798262185,1.1408154892330942
2022,HUN,77,5.332052173913043,1.145251043478261
2022,IDN,77,5.447073921971253,1.1350214579055444
2022,IND,77,5.500087542087543,1.1411814814814816
2022,IRL,77,5.40877971473851,1.1398031695721076
2022,IRN,77,5.347330701488004,1.140895627087762
2022,IRQ,77,5.405670103092784,1.1413060137457045
2022,ISL,77,5.34871851524525,1.1288117543084402
2022,ISR,77,5.332426813746287,1.157697114976665
2022,ITA,77,5.402561041779707,1.1401061313076506
2022,JAM,77,5.419651226158038,1.153240926430518
2022,JOR,77,5.488660098522168,1.1677011822660095
2022,JPN,77,5.434068604097189,1.1447055740828966
2022,KAZ,77,5.500404564315352,1.1488517634854771
2022,KEN,77,5.473594080338267,1.1421252189670794
2022,KGZ,77,5.471235662148071,1.1278505213764338
2022,KHM,77,5.48392213410238,1.145085075702956
2022,KIR,77,5.491657458563536,1.130000690607735
2022,KNA,77,5.487906162464986,1.1331621148459383
2022,KOR,77,5.577405745062836,1.164665619389587
2022,KWT,77,5.409692863595303,1.1166289069557362
2022,LAO,77,5.533528384279476,1.1394468122270742
2022,LBN,77,5.435726920950802,1.126442509673853
2022,LBR,77,5.5064104729729735,1.1271436655405405
2022,LBY,77,5.441931216931216,1.1513074074074074
2022,LCA,77,5.408960434445306,1.1376864623739336
2022,LIE,77,5.39335626911315,1.1388574159021407
2022,LKA,77,5.455131459655485,1.1331722121486854
2022,LSO,77,5.44077817079333,1.1243176351692774
2022,LTU,77,5.324212193190816,1.1505125098970703
2022,LUX,77,5.4067251075090965,1.1398999338405555
2022,LVA,77,5.383866666666667,1.1485915555555557
2022,MAR,77,5.463640416047548,1.121521792966815
2022,MCO,77,5.445925141242938,1.1274907485875705
2022,MDA,77,5.4430281690140845,1.149302024647887
2022,MDG,77,5.499667481662591,1.1331467970660147
2022,MDV,77,5.501529126213592,1.1387743527508092
2022,MEX,77,5.3353983739837405,1.1253013821138211
2022,MHL,77,5.504264943457188,1.1649261173936454
2022,MKD,77,5.498487690504104,1.1311036733098867
2022,MLI,77,5.3652216358839055,1.1217511873350925
2022,MLT,77,5.453609271523179,1.1332661009933775
2022,MNE,77,5.455591836734694,1.1507550566893423
2022,MNG,77,5.5253969754253305,1.1244588374291116
2022,MOZ,77,5.423793395427603,1.1132771380186282
2022,MRT,77,5.465477239353891,1.120218135095448
2022,MUS,77,5.463649635036496,1.1285546402502606
2022,MWI,77,5.4211728395061725,1.1446695679012346
2022,MYS,77,5.409186893203883,1.1361427791262135
2022,NAM,77,5.483886168910649,1.1276752141982864
2022,NER,77,5.370660091047042,1.1331735204855842
2022,NGA,77,5.423853325046612,1.135263890615289
2022,NIC,77,5.447348551360843,1.122546619841967
2022,NLD,77,5.401837776517301,1.1430357912648894
2022,NOR,77,5.425003300330034,1.149132211221122
2022,NPL,77,5.4246518237802,1.1386245855045003
2022,NRU,77,5.474415189873418,1.143275848101266
2022,NZL,77,5.309848706686189,1.1354581259150804
2022,OMN,77,5.632750233863423,1.1317123479887743
2022,PAK,77,5.36349737797499,1.1436283582089553
2022,PAN,77,5.4772907053394855,1.125398220171391
2022,PER,77,5.456062039957939,1.138374868559411
2022,PHL,77,5.508649651972157,1.1448585614849185
2022,PLW,77,5.52975505857295,1.137514536741214
2022,PNG,77,5.559265267175573,1.1464732188295164
2022,POL,77,5.297781656616946,1.139264900031736
2022,PRK,77,5.400135992747054,1.1356855847688123
2022,PRT,77,5.461174089068826,1.1398901484480433
2022,PRY,77,5.431614906832299,1.1378305235137534
2022,PSE,77,5.366419235511715,1.1498120345252774
2022,QAT,77,5.4430312308634425,1.1383266380894062
2022,ROU,77,5.44331343283582,1.1473960199004976
2022,RUS,77,5.377435807245868,1.130060077383046
2022,RWA,77,5.452054329371816,1.141221222410866
2022,SAU,77,5.533978829389788,1.1397967621419676
2022,SDN,77,5.520087929656275,1.1296298960831337
2022,SEN,77,5.420821576763486,1.1430623236514523
2022,SGP,77,5.51481460023175,1.1491988412514484
2022,SLB,77,5.545030820293979,1.1748598862019914
2022,SLE,77,5.549146706586826,1.1480219311377249
2022,SLV,77,5.457720488466757,1.1362145183175034
2022,SMR,77,5.35009873834339,1.124093362589139
2022,SOM,77,5.403568353067815,1.1428776641550054
2022,SRB,77,5.437716701902748,1.117400845665962
2022,SSD,77,5.4300280373831775,1.1376507476635516
2022,SUR,77,5.446945147679326,1.1535067510548522
2022,SVK,77,5.375148760330578,1.153514214876033
2022,SVN,77,5.562481108312342,1.153362846347607
2022,SWE,77,5.376472114137484,1.158522697795071
2022,SWZ,77,5.486730279898218,1.1331536259541986
2022,SYC,77,5.461224,1.1489792799999998
2022,SYR,77,5.302120779838327,1.1280058012363292
2022,TCD,77,5.369943269726663,1.120813821557504
2022,TGO,77,5.417897476972367,1.1464955947136564
2022,THA,77,5.525613934894347,1.1391148486579097
2022,TJK,77,5.385384615384615,1.122171777890983
2022,TKM,77,5.529339272457313,1.1207496659242762
2022,TLS,77,5.406137667304015,1.1479919694072658
2022,TON,77,5.505158474965548,1.148795636196601
2022,TTO,77,5.468822055137846,1.1238453007518796
2022,TUN,77,5.413944124897289,1.124483566146261
2022,TUR,77,5.436405097250168,1.136992152917505
2022,TUV,77,5.507845744680851,1.147494215425532
2022,TZA,77,5.49086592178771,1.1342685754189945
2022,UGA,77,5.446493194555645,1.1341536429143315
2022,UKR,77,5.299763750461425,1.1386506090808417
2022,URY,77,5.423903775883069,1.1109865408038977
2022,USA,77,5.466878832116787,1.1554143649635038
2022,UZB,77,5.504053537284896,1.1252636711281072
2022,VAT,77,5.378697841726619,1.1450982014388489
2022,VCT,77,5.391965442764579,1.1267966522678186
2022,VEN,77,5.358509857863365,1.145942870243008
2022,VNM,77,5.533839732888148,1.1415828881469114
2022,VUT,77,5.410934416715032,1.1519543238537435
2022,WSM,77,5.471059156925256,1.139168331562168
2022,YEM,77,5.352037797863599,1.1357498356614626
2022,ZAF,77,5.464349972572683,1.14984426769062
2022,ZMB,77,5.450942643391522,1.1391286783042396
2022,ZWE,77,5.487609182530795,1.13879804031355
2023,AGO,78,5.392041067761807,1.116529609856263
2023,ALB,78,5.502935082872928,1.1356346685082874
2023,AND,78,5.457088380439658,1.1293873934499776
2023,ARE,78,5.455710426796326,1.151567206915181
2023,ARG,78,5.373192133131618,1.1429175995965708
2023,ARM,78,5.316592512208356,1.105499782962561
2023,ATG,78,5.3581776765375855,1.14158914198937
2023,AUS,78,5.484809338521401,1.159932607003891
2023,AUT,78,5.448559514783927,1.1363780894617133
2023,AZE,78,5.37916403072752,1.1208849977406237
2023,BDI,78,5.504648331830477,1.1401265103697025
2023,BEL,78,5.466953352769679,1.1526731049562682
2023,BEN,78,5.47921052631579,1.1157018893387314
2023,BFA,78,5.365007009345796,1.1315097897196262
2023,BGD,78,5.506832027850305,1.1514892950391646
2023,BGR,78,5.423657056145674,1.1452968892261002
2023,BHR,78,5.528932330827067,1.1263944736842104
2023,BHS,78,5.4291910739191085,1.1534790097629009
2023,BIH,78,5.392725657427151,1.1139313077469797
2023,BLR,78,5.409758730158731,1.131284634920635
2023,BLZ,78,5.352108013937282,1.1444102206736353
2023,BOL,78,5.424239666287448,1.1385549488054607
2023,BRA,78,5.388305929247634,1.1385248629795717
2023,BRB,78,5.349116357504216,1.129244384485666
2023,BRN,78,5.550571095571095,1.1259469696969695
2023,BTN,78,5.496694166175605,1.132359516794343
2023,BWA,78,5.422931174089069,1.1177744939271257
2023,CAF,78,5.4592566118656185,1.142733166547534
2023,CAN,78,5.418743787962451,1.1255234953064606
2023,CHE,78,5.421366366366366,1.1179343093093093
2023,CHL,78,5.403134385829803,1.1293479399306892
2023,CHN,78,5.581027210884354,1.1586018367346935
2023,CIV,78,5.428528301886793,1.1306527547169811
2023,CMR,78,5.481610894941634,1.1298127626459145
2023,COD,78,5.3690049186530455,1.1236214528944382
2023,COG,78,5.457621516526248,1.127309980557356
2023,COL,78,5.3540820734341255,1.1496030237580994
2023,COM,78,5.474745417515276,1.1351125254582484
2023,CPV,78,5.527517543859649,1.1551731578947368
2023,CRI,78,5.458146194423512,1.1292551620195932
2023,CUB,78,5.390647790647791,1.13408876018876
2023,CYP,78,5.450755760368664,1.1220975115207374
2023,CZE,78,5.363790322580646,1.153183211143695
2023,DEU,78,5.452755798090041,1.1304546612096409
2023,DJI,78,5.410009532888465,1.1288931839847476
2023,DMA,78,5.35723926380368,1.127741053169734
2023,DNK,78,5.446315431679129,1.1315428959891232
2023,DOM,78,5.370930513595167,1.1347596978851966
2023,DZA,78,5.479144167091187,1.1289963321446763
2023,ECU,78,5.423771626297578,1.133299446366782
2023,EGY,78,5.450348894348895,1.1289392628992632
2023,ERI,78,5.346283687943263,1.1125014184397162
2023,ESP,78,5.459607142857143,1.1329132857142856
2023,EST,78,5.361195,1.1369277
2023,ETH,78,5.518808752025932,1.1541993517017828
2023,EU,78,5.423343170320405,1.133724957841484
2023,FIN,78,5.436192893401016,1.157377918781726
2023,FJI,78,5.47921511627907,1.1307632994186043
2023,FRA,78,5.447805010893247,1.1352205337690633
2023,FSM,78,5.470046457607434,1.1361266550522646
2023,GAB,78,5.371124828532235,1.117027069044353
2023,GBR,78,5.444658351409979,1.1252633405639914
2023,GEO,78,5.620391900718484,1.1446355323318091
2023,GHA,78,5.384464751958225,1.1119451697127938
2023,GIN,78,5.372196765498653,1.1264743261455523
2023,GMB,78,5.444988826815642,1.1410704469273742
2023,GNB,78,5.543969658659924,1.1376821744627057
2023,GNQ,78,5.388020527859238,1.1275816715542522
2023,GRC,78,5.387733778625954,1.1397438454198476
2023,GRD,78,5.465683865683866,1.1274395167895168
2023,GTM,78,5.402360086767895,1.1348602169197397
2023,GUY,78,5.445394554683895,1.1362665436086756
2023,HND,78,5.313981900452489,1.1406899698340875
2023,HRV,78,5.48749824807288,1.1292482130343378
2023,HTI,78,5.370857297883885,1.1498845360824743
2023,HUN,78,5.462541832669323,1.1351588047808765
2023,IDN,78,5.511333333333333,1.1522501408450705
2023,IND,78,5.493656869446343,1.1341827751196172
2023,IRL,78,5.429340958605665,1.1385807734204791
2023,IRN,78,5.360203588681849,1.1385103519668738
2023,IRQ,78,5.4373735050597976,1.137328702851886
2023,ISL,78,5.383202247191011,1.1279794688457612
2023,ISR,78,5.435617513424205,1.1538316811235028
2023,ITA,78,5.367731900452488,1.1218183257918553
2023,JAM,78,5.47340909090909,1.1596604105571848
2023,JOR,78,5.416767955801106,1.1695468692449356
2023,JPN,78,5.466334056399132,1.1578902928416486
2023,KAZ,78,5.530209869540556,1.1587938173567782
2023,KEN,78,5.414519823788546,1.1484409251101322
2023,KGZ,78,5.484198071866783,1.1326300175284836
2023,KHM,78,5.550685518423308,1.131300856898029
2023,KIR,78,5.569782894736842,1.1457434210526316
2023,KNA,78,5.430176036342987,1.1246086314593982
2023,KOR,78,5.507697795071336,1.1619366407263294
2023,KWT,78,5.431145833333334,1.1250425857843138
2023,LAO,78,5.512800891530461,1.1386023031203567
2023,LBN,78,5.38966472303207,1.118344752186589
2023,LBR,78,5.562377049180328,1.1450044262295085
2023,LBY,78,5.268083462132921,1.1394670788253478
2023,LCA,78,5.381791684526362,1.1414143163309045
2023,LIE,78,5.416332586786114,1.1269062709966404
2023,LKA,78,5.383800236406619,1.1398562647754138
2023,LSO,78,5.447480267152399,1.127118336369156
2023,LTU,78,5.379430894308943,1.16360216802168
2023,LUX,78,5.447906976744186,1.159202006383949
2023,LVA,78,5.391614950634696,1.149315162200282
2023,MAR,78,5.409479381443298,1.125258762886598
2023,MCO,78,5.486789600967351,1.1346411124546554
2023,MDA,78,5.516337078651684,1.169184269662921
2023,MDV,78,5.539448550312677,1.1471207504263785
2023,MEX,78,5.435557098229781,1.1291823325234291
2023,MHL,78,5.484732047159699,1.1615936227224009
2023,MKD,78,5.40610307982401,1.1343233815210558
2023,MLI,78,5.340781142463868,1.1197203372333104
2023,MLT,78,5.474633365353826,1.1543365033621518
2023,MNE,78,5.542043155765341,1.1421818610923804
2023,MNG,78,5.532977582846005,1.1263575048732943
2023,MOZ,78,5.430629675810474,1.1328296758104737
2023,MRT,78,5.511043671354552,1.121037157660992
2023,MUS,78,5.516132075471698,1.1354107311320756
2023,MWI,78,5.429237490071485,1.134293248610008
2023,MYS,78,5.389096774193549,1.119186523297491
2023,NAM,78,5.5289070631970265,1.1561308550185874
2023,NGA,78,5.427444608567209,1.150254209748892
2023,NIC,78,5.420751198721364,1.1372998401704848
2023,NLD,78,5.396616590463749,1.1403324624428477
2023,NOR,78,5.48605298013245,1.1373949668874173
2023,NPL,78,5.51677599009901,1.140051423267327
2023,NRU,78,5.517229456668163,1.125166681634486
2023,NZL,78,5.465232067510549,1.1486190342240974
2023,OMN,78,5.5169156883671295,1.1286114194236927
2023,PAK,78,5.371938144329897,1.1583145704467357
2023,PAN,78,5.452611464968154,1.1325516985138002
2023,PER,78,5.4679875,1.143991125
2023,PHL,78,5.513880108991827,1.138655422343324
2023,PLW,78,5.536217150760719,1.177801521438451
2023,PNG,78,5.556691371095818,1.142711990471149
2023,POL,78,5.370218245307726,1.1472920122217372
2023,PRK,78,5.35466885861907,1.1345827618600284
2023,PRT,78,5.419764474975466,1.134455937193327
2023,PRY,78,5.4579329004329,1.124530681818182
2023,PSE,78,5.343961136023917,1.1386455406078724
2023,QAT,78,5.4031320414601165,1.1223212257773771
2023,ROU,78,5.509581673306773,1.1460089641434263
2023,RUS,78,5.362594936708861,1.1147973684210526
2023,RWA,78,5.416722925457103,1.154014064697609
2023,SAU,78,5.497868776174965,1.1409473708701725
2023,SDN,78,5.293585185185186,1.111249333333333
2023,SEN,78,5.42168975069252,1.139890212373038
2023,SGP,78,5.464941682013505,1.1532821362799262
2023,SLB,78,5.523218487394958,1.145740042016807
2023,SLE,78,5.510380071905495,1.147078274268105
2023,SLV,78,5.423329831932773,1.144721481092437
2023,SMR,78,5.391172657631113,1.1306286387743076
2023,SOM,78,5.476703296703296,1.144729605688429
2023,SRB,78,5.391120951417004,1.1256619686234817
2023,SSD,78,5.585006657789614,1.1456223701731023
2023,STP,78,5.429589178356713,1.1228930861723447
2023,SUR,78,5.461207494795281,1.1427512838306733
2023,SVK,78,5.482275132275133,1.154091322751323
2023,SVN,78,5.481171749598716,1.1350611021936865
2023,SWE,78,5.487136842105263,1.1580310175438595
2023,SWZ,78,5.521387640449438,1.1402784831460675
2023,SYC,78,5.541583924349882,1.1520012608353034
2023,SYR,78,5.266550572519084,1.1158228530534349
2023,TCD,78,5.423388888888889,1.132469285714286
2023,TGO,78,5.382939791456441,1.13615250588631
2023,THA,78,5.595409982174688,1.154829679144385
2023,TJK,78,5.482013932868906,1.1236359721342624
2023,TKM,78,5.537380230442692,1.1138919345057612
2023,TLS,78,5.399749847467969,1.1490856619890175
2023,TON,78,5.499125049940072,1.1308514982021574
2023,TTO,78,5.402386759581881,1.131037674216028
2023,TUN,78,5.446402116402116,1.1262829512051733
2023,TUR,78,5.465520485584219,1.141256540212443
2023,TUV,78,5.558416625432954,1.125009846610589
2023,TZA,78,5.441371814092953,1.1319359070464767
2023,UGA,78,5.499947780678853,1.1376262402088777
2023,UKR,78,5.268718130311615,1.1518237960339943
2023,URY,78,5.476494623655914,1.143231182795699
2023,USA,78,5.488293209876543,1.1607466666666666
2023,UZB,78,5.538003820439351,1.1373884431709649
2023,VAT,78,5.34684264479754,1.126530804715531
2023,VCT,78,5.374016544117647,1.1251489430147057
2023,VEN,78,5.419120198265179,1.1461838909541513
2023,VNM,78,5.563204497540407,1.1218340126493322
2023,VUT,78,5.417927631578948,1.135626409774436
2023,WSM,78,5.501919698870765,1.1432127352572146
2023,YEM,78,5.395021459227468,1.1212903433476396
2023,ZAF,78,5.449873479318736,1.1519564476885644
2023,ZMB,78,5.498221941992434,1.1544738335435056
2023,ZWE,78,5.535222524977294,1.1452211625794733
2024,AGO,79,5.441958141184817,1.1227153245831856
2024,ALB,79,5.412584541062803,1.1236699275362318
2024,AND,79,5.488527542372881,1.1304059851694916
2024,ARE,79,5.434019219898248,1.1565947427925385
2024,ARG,79,5.387381546134664,1.1441514962593518
2024,ARM,79,5.445191740412979,1.0969983038348083
2024,ATG,79,5.320772811918063,1.152983426443203
2024,AUS,79,5.454078287052526,1.1599239544998328
2024,AUT,79,5.4049818181818186,1.136458818181818
2024,AZE,79,5.484681397738952,1.1347241007194244
2024,BDI,79,5.5121681997371885,1.1535834428383704
2024,BEL,79,5.29187165775401,1.169347415329768
2024,BEN,79,5.439962928637627,1.161785078776645
2024,BFA,79,5.452396694214876,1.1272901652892562
2024,BGD,79,5.50347237880496,1.1621652762119503
2024,BGR,79,5.474940143655227,1.135620271348763
2024,BHR,79,5.517611940298507,1.1444862828713571
2024,BHS,79,5.3948120300751885,1.1489364661654136
2024,BIH,79,5.364816433566434,1.1353986013986013
2024,BLR,79,5.373698444895199,1.137660581473969
2024,BLZ,79,5.4670759878419455,1.1542695440729485
2024,BOL,79,5.503273408239701,1.1593349812734082
2024,BRA,79,5.34024627720504,1.148325372279496
2024,BRB,79,5.402411687745311,1.1376321849105977
2024,BTN,79,5.58368125701459,1.1551713804713806
2024,BWA,79,5.413441358024691,1.149977391975309
2024,CAF,79,5.53670122525919,1.165285108388313
2024,CAN,79,5.391820580474934,1.1543096569920843
2024,CHE,79,5.494232649071359,1.147033431085044
2024,CHL,79,5.34408095554081,1.150019376244194
2024,CHN,79,5.492253099615221,1.1578400598546388
2024,CIV,79,5.427061403508772,1.1281365131578944
2024,CMR,79,5.491480671043034,1.1244654996353027
2024,COD,79,5.473915369649805,1.112612986381323
2024,COG,79,5.401029411764706,1.1317281674208144
2024,COL,79,5.39243551289742,1.161772165566887
2024,COM,79,5.480576441102757,1.1336054302422722
2024,CPV,79,5.54018167456556,1.1500848341232228
2024,CRI,79,5.380447882736156,1.1420277687296418
2024,CUB,79,5.311339375629406,1.105227693856999
2024,CYP,79,5.406265709156194,1.126207854578097
2024,CZE,79,5.512294911734164,1.1700856697819315
2024,DEU,79,5.349626168224299,1.1376006074766354
2024,DJI,79,5.38566265060241,1.1215143239625167
2024,DNK,79,5.449594594594595,1.1597556899004269
2024,DOM,79,5.389623507805325,1.1140925619834712
2024,DZA,79,5.3394319206492336,1.107737060414788
2024,ECU,79,5.451,1.1275086915887849
2024,EGY,79,5.384154929577464,1.1159642957746478
2024,ERI,79,5.299305856832973,1.1080904555314537
2024,ESP,79,5.449519704433498,1.1346873152709358
2024,EST,79,5.432024986985945,1.1445119729307651
2024,ETH,79,5.474565778159931,1.1396180567497851
2024,EU,79,5.391558956916099,1.1422898526077097
2024,FIN,79,5.417038199895342,1.1460716378859237
2024,FJI,79,5.514638233054074,1.1526457730388424
2024,FRA,79,5.444106737320212,1.148816161998486
2024,FSM,79,5.521979695431472,1.1546912321181355
2024,GAB,79,5.57863539445629,1.155125906183369
2024,GBR,79,5.400306306306306,1.1400962162162165
2024,GEO,79,5.525445920303605,1.144673908918406
2024,GHA,79,5.457008849557521,1.1603170501474926
2024,GIN,79,5.600850222441919,1.1442034107760752
2024,GMB,79,5.525057915057915,1.1596041184041186
2024,GNB,79,5.495607008760952,1.1769027534418022
2024,GNQ,79,5.386708428246013,1.1438730068337128
2024,GRC,79,5.436514084507042,1.13479186228482
2024,GRD,79,5.491948529411764,1.1583974264705883
2024,GTM,79,5.512756311179804,1.1295990726429677
2024,GUY,79,5.4651183431952655,1.14238775147929
2024,HND,79,5.439302554027506,1.154726031434185
2024,HRV,79,5.489730185497471,1.1341940978077572
2024,HTI,79,5.445662902551234,1.173437850271853
2024,HUN,79,5.376363636363636,1.1444206363636364
2024,IDN,79,5.502978918423465,1.1812143904674612
2024,IND,79,5.381675900277008,1.1234346260387813
2024,IRL,79,5.375312290127603,1.1527888515782403
2024,IRN,79,5.345428963623885,1.146256074124914
2024,IRQ,79,5.373294915254237,1.1281752542372885
2024,ISL,79,5.418605456907752,1.1461887830229536
2024,ISR,79,5.297719451735199,1.1550132691746866
2024,ITA,79,5.422308265078183,1.114787267311988
2024,JAM,79,5.4737043713384415,1.1573319963947726
2024,JOR,79,5.253443113772455,1.1558558383233533
2024,JPN,79,5.516118721461187,1.1320872653475391
2024,KAZ,79,5.490768621236134,1.1474668779714738
2024,KEN,79,5.464814968814969,1.1585143035343035
2024,KGZ,79,5.498372865275142,1.158786385199241
2024,KHM,79,5.524815864022663,1.145828895184136
2024,KIR,79,5.526706254948535,1.1374892715756135
2024,KNA,79,5.472762430939227,1.155673279758915
2024,KOR,79,5.433366013071896,1.1353962418300654
2024,KWT,79,5.465688381464069,1.1176247817327063
2024,LAO,79,5.493566878980891,1.1161207295888824
2024,LBN,79,5.305617416131335,1.1337543897216276
2024,LBR,79,5.5074833232261975,1.1578296543359612
2024,LBY,79,5.41859243697479,1.1293925420168067
2024,LCA,79,5.318319513543394,1.12336141514649
2024,LIE,79,5.434546023794614,1.1371681277395116
2024,LKA,79,5.460727496917386,1.1639353884093713
2024,LSO,79,5.562778891115564,1.1416459585838343
2024,LTU,79,5.35873851294904,1.1655058479532163
2024,LUX,79,5.386591086786552,1.1756224394057857
2024,LVA,79,5.462523128679563,1.166755929352397
2024,MAR,79,5.451529562982005,1.1222267994858612
2024,MCO,79,5.461344398340249,1.1257627385892115
2024,MDA,79,5.495591482649842,1.1421948738170349
2024,MDG,79,5.49437627811861,1.1387523517382412
2024,MDV,79,5.469549727857496,1.16056407718951
2024,MEX,79,5.360723370429254,1.1265693958664549
2024,MHL,79,5.4171303841676375,1.1794957508731083
2024,MKD,79,5.4121008792225815,1.1202859787135586
2024,MLI,79,5.422165938864629,1.1525503930131005
2024,MLT,79,5.433456128600134,1.1417182853315473
2024,MNE,79,5.4794721549636805,1.1235652784503631
2024,MNG,79,5.56171294117647,1.1516016470588235
2024,MOZ,79,5.496564102564103,1.131617435897436
2024,MRT,79,5.550602510460251,1.1316066945606695
2024,MUS,79,5.544265486725664,1.1616121238938055
2024,MWI,79,5.492089337175793,1.1377311239193082
2024,MYS,79,5.382727272727273,1.1497549641148326
2024,NAM,79,5.449136363636363,1.1402798484848482
2024,NER,79,5.446633027522935,1.1369895412844038
2024,NGA,79,5.430075247524752,1.140996396039604
2024,NIC,79,5.421247524752475,1.1464308910891088
2024,NLD,79,5.358247701460249,1.135059329367225
2024,NOR,79,5.365681369321923,1.1386603028308098
2024,NPL,79,5.5603235294117646,1.1597347058823528
2024,NRU,79,5.513726937269373,1.1633563099630997
2024,NZL,79,5.378836583725622,1.1358315400134498
2024,OMN,79,5.631426611796983,1.1539533607681758
2024,PAK,79,5.293894830659537,1.1303786096256685
2024,PAN,79,5.392108076009502,1.1610820665083137
2024,PER,79,5.445906389301635,1.132147325408618
2024,PHL,79,5.494769526248398,1.1590430217669656
2024,PLW,79,5.586507042253521,1.174229201877934
2024,PNG,79,5.573369734789392,1.1786756630265212
2024,POL,79,5.483247933884297,1.1586871074380165
2024,PRK,79,5.352422324510931,1.1333013808975834
2024,PRT,79,5.4779772591262725,1.1471697187312986
2024,PRY,79,5.4724456521739135,1.1467441053511704
2024,PSE,79,5.307920446615492,1.1602683879972089
2024,QAT,79,5.266057546693589,1.1227483089348815
2024,ROU,79,5.471618062088429,1.1277166509877703
2024,RUS,79,5.35341494301393,1.1380080202617138
2024,RWA,79,5.465333333333333,1.1535612222222225
2024,SAU,79,5.450092460881934,1.1287704836415364
2024,SDN,79,5.361114480667172,1.1309128885519335
2024,SEN,79,5.512123356926188,1.146580080889788
2024,SGP,79,5.461513196480939,1.1322636363636365
2024,SLB,79,5.525278606965174,1.1766761194029849
2024,SLE,79,5.471036906854131,1.159454130052724
2024,SLV,79,5.411339671564392,1.1395714779602422
2024,SMR,79,5.366551414458914,1.1297034575662326
2024,SOM,79,5.460647870425914,1.1528847630473904
2024,SRB,79,5.337798891528108,1.115698495645289
2024,SSD,79,5.455531265887137,1.1493827656329436
2024,STP,79,5.485132662397072,1.1364360475754804
2024,SUR,79,5.464094117647059,1.1722410196078432
2024,SVK,79,5.366511350059738,1.1174457586618878
2024,SVN,79,5.39327633378933,1.149108071135431
2024,SWE,79,5.514373107207753,1.1494225923682615
2024,SWZ,79,5.565539215686275,1.1598871323529412
2024,SYC,79,5.4238675496688735,1.1554288079470196
2024,SYR,79,5.265909871244635,1.1253661802575106
2024,TCD,79,5.504670932358319,1.1484953382084095
2024,TGO,79,5.536428571428571,1.151031208791209
2024,THA,79,5.602681047765794,1.149325346687211
2024,TJK,79,5.499071651090344,1.1180986915887852
2024,TKM,79,5.530046911649727,1.1231701329163408
2024,TLS,79,5.464535650089875,1.141146075494308
2024,TON,79,5.514802458296751,1.1557266900790166
2024,TTO,79,5.433651919866444,1.1284337646076794
2024,TUN,79,5.410369863013699,1.14183801369863
2024,TUR,79,5.403787541713014,1.1439762791991102
2024,TUV,79,5.509848349687779,1.146656958073149
2024,TZA,79,5.55985596707819,1.169088820301783
2024,UGA,79,5.469848320693391,1.1494047670639225
2024,UKR,79,5.34639891082369,1.1715149081007488
2024,URY,79,5.435759312320917,1.1111767191977076
2024,USA,79,5.406124698587668,1.1635814330003444
2024,UZB,79,5.516652512384997,1.1547202406227886
2024,VAT,79,5.368912954638333,1.1210288925214549
2024,VCT,79,5.346374670184697,1.112890606860158
2024,VEN,79,5.358143322475569,1.11955667752443
2024,VNM,79,5.571606217616581,1.1667694300518134
2024,VUT,79,5.4364,1.166085111111111
2024,WSM,79,5.45656814449918,1.14089934318555
2024,YEM,79,5.370152063721941,1.1330760318609705
2024,ZAF,79,5.433148907103825,1.149266461748634
2024,ZMB,79,5.474836565096953,1.1433259279778394
2024,ZWE,79,5.464095588235294,1.1385583823529413
