year,country,session,happiness_average
2015,AFG,70,5.395772034459908
2015,AGO,70,5.461906721536352
2015,ALB,70,5.487689243027889
2015,AND,70,5.432888888888889
2015,ARE,70,5.328246708246708
2015,ARG,70,5.327285714285714
2015,ARM,70,5.3464280331574985
2015,ATG,70,5.435547652916074
2015,AUS,70,5.436468208092486
2015,AUT,70,5.399826152683295
2015,AZE,70,5.390436046511628
2015,BDI,70,5.422322380106571
2015,BEL,70,5.470073349633252
2015,BEN,70,5.458184238551652
2015,BFA,70,5.5069535783365575
2015,BGD,70,5.541163498098859
2015,BGR,70,5.425178896300788
2015,BHR,70,5.39795905511811
2015,BHS,70,5.432551647124511
2015,BIH,70,5.451717557251908
2015,BLR,70,5.406746641074856
2015,BLZ,70,5.4329263044647655
2015,BOL,70,5.415950704225353
2015,BRA,70,5.451831174631533
2015,BRB,70,5.416987277353689
2015,BRN,70,5.496915064102564
2015,BTN,70,5.536941875825628
2015,BWA,70,5.398085769980507
2015,CAF,70,5.370071942446043
2015,CAN,70,5.445134865134865
2015,CHE,70,5.434153577661431
2015,CHL,70,5.48659793814433
2015,CHN,70,5.577296559257236
2015,CIV,70,5.500253164556962
2015,COD,70,5.422267584849975
2015,COG,70,5.465460526315789
2015,COL,70,5.431528073916134
2015,COM,70,5.451705475141599
2015,CPV,70,5.460293378038559
2015,CRI,70,5.36435857321652
2015,CUB,70,5.386846774193548
2015,CYP,70,5.429332181922856
2015,CZE,70,5.182624798711755
2015,DEU,70,5.373520621637777
2015,DJI,70,5.3943396226415095
2015,DMA,70,5.466561567959097
2015,DNK,70,5.493493635077794
2015,DOM,70,5.416858127512923
2015,DZA,70,5.425212247738344
2015,ECU,70,5.406229166666667
2015,EGY,70,5.407290192113245
2015,ERI,70,5.489863387978142
2015,ESP,70,5.357588174273859
2015,EST,70,5.404450833812536
2015,ETH,70,5.513383345836459
2015,EU,70,5.36207486631016
2015,FIN,70,5.453056680161944
2015,FJI,70,5.535845298749421
2015,FRA,70,5.356227915194347
2015,FSM,70,5.488746250749851
2015,GAB,70,5.445429885057471
2015,GBR,70,5.421677057356608
2015,GEO,70,5.633759727626459
2015,GHA,70,5.429647207055859
2015,GIN,70,5.505063176895307
2015,GMB,70,5.4111800241643175
2015,GNB,70,5.480719008264463
2015,GNQ,70,5.439201995012469
2015,GRC,70,5.421045665122436
2015,GRD,70,5.504959647835657
2015,GTM,70,5.441627006087437
2015,GUY,70,5.430987215909091
2015,HND,70,5.392621527777777
2015,HRV,70,5.423472037283622
2015,HTI,70,5.456816559600285
2015,HUN,70,5.359294429708223
2015,IDN,70,5.479382716049383
2015,IND,70,5.441333597150772
2015,IRL,70,5.514759409242497
2015,IRN,70,5.32964995269631
2015,IRQ,70,5.375991271820449
2015,ISL,70,5.41384251036116
2015,ISR,70,5.327758873569962
2015,ITA,70,5.445107665805341
2015,JAM,70,5.465050997782705
2015,JOR,70,5.458069187449719
2015,JPN,70,5.479416433239963
2015,KAZ,70,5.429607046070461
2015,KEN,70,5.453437625350982
2015,KGZ,70,5.415563933396166
2015,KHM,70,5.472966226138032
2015,KIR,70,5.514739633558341
2015,KNA,70,5.535824773413898
2015,KOR,70,5.501719155242682
2015,KWT,70,5.373891764705882
2015,LAO,70,5.527068852459017
2015,LBN,70,5.345052779732583
2015,LBR,70,5.473052749719416
2015,LBY,70,5.273377630121817
2015,LCA,70,5.400146989094358
2015,LIE,70,5.369417409184373
2015,LKA,70,5.462350069735007
2015,LSO,70,5.433260560037969
2015,LTU,70,5.2441219158200285
2015,LUX,70,5.376429227941177
2015,LVA,70,5.4444770504138456
2015,MAR,70,5.449914330218069
2015,MCO,70,5.449304775280899
2015,MDA,70,5.509189765458423
2015,MDG,70,5.474759801214799
2015,MDV,70,5.453528138528139
2015,MEX,70,5.483611691022964
2015,MHL,70,5.47655625
2015,MKD,70,5.490256842105263
2015,MLI,70,5.487326552851435
2015,MLT,70,5.445947319778189
2015,MMR,70,5.503080191184281
2015,MNE,70,5.501304347826087
2015,MNG,70,5.613328335832084
2015,MOZ,70,5.484563279857397
2015,MRT,70,5.424530583214794
2015,MUS,70,5.474454624781849
2015,MWI,70,5.518367346938776
2015,MYS,70,5.326577645895154
2015,NAM,70,5.47665656128194
2015,NER,70,5.467909887359199
2015,NGA,70,5.382491694352159
2015,NIC,70,5.51042891183479
2015,NLD,70,5.468304985337244
2015,NOR,70,5.4318679669917485
2015,NPL,70,5.509669685668621
2015,NRU,70,5.482762886597938
2015,NZL,70,5.387294460641399
2015,OMN,70,5.480130434782609
2015,PAK,70,5.355616710875331
2015,PAN,70,5.485496495327103
2015,PER,70,5.455427135678392
2015,PHL,70,5.469755681818183
2015,PLW,70,5.596002522068098
2015,PNG,70,5.518141843971631
2015,POL,70,5.317375851996105
2015,PRK,70,5.402238267148014
2015,PRT,70,5.499174107142857
2015,PRY,70,5.543142548596112
2015,PSE,70,5.392425036390102
2015,QAT,70,5.270036101083032
2015,ROU,70,5.440043596730245
2015,RUS,70,5.348414504088162
2015,RWA,70,5.458091286307054
2015,SAU,70,5.388939708939708
2015,SDN,70,5.458113810741689
2015,SEN,70,5.489108808290156
2015,SLB,70,5.5081505540695455
2015,SLE,70,5.467063750581666
2015,SLV,70,5.4319071310116085
2015,SMR,70,5.467476340694006
2015,SOM,70,5.501715328467153
2015,SRB,70,5.373962008141112
2015,SSD,70,5.481107899807322
2015,STP,70,5.447662007623888
2015,SUR,70,5.537754010695187
2015,SVK,70,5.434386376981796
2015,SVN,70,5.508725961538461
2015,SWE,70,5.4700606520090975
2015,SWZ,70,5.569551246537396
2015,SYC,70,5.488044444444444
2015,SYR,70,5.248548978522787
2015,TCD,70,5.366837387964148
2015,TGO,70,5.520831460674157
2015,THA,70,5.562132112491825
2015,TJK,70,5.448807288790724
2015,TKM,70,5.538970588235294
2015,TLS,70,5.519123006833713
2015,TON,70,5.53196261682243
2015,TTO,70,5.439781128404668
2015,TUN,70,5.411779556650246
2015,TUR,70,5.41823754789272
2015,TUV,70,5.503760307861462
2015,TZA,70,5.473078773301262
2015,UGA,70,5.426987104337633
2015,UKR,70,5.336215851602024
2015,URY,70,5.282366529774127
2015,USA,70,5.412018369690012
2015,VAT,70,5.3493740031897925
2015,VCT,70,5.36237044638276
2015,VEN,70,5.397919171676686
2015,VNM,70,5.532964824120603
2015,VUT,70,5.523035714285714
2015,WSM,70,5.412190766550522
2015,YEM,70,5.382508567511994
2015,ZAF,70,5.430956477732793
2015,ZMB,70,5.490849740932642
2015,ZWE,70,5.479617666446934
2016,AFG,71,5.427923371647509
2016,AGO,71,5.4875825019186495
2016,ALB,71,5.497964752700397
2016,AND,71,5.5073629864972204
2016,ARE,71,5.330911557243624
2016,ARG,71,5.551106796116504
2016,ARM,71,5.378964980544748
2016,ATG,71,5.327958579881656
2016,AUS,71,5.470654936461387
2016,AUT,71,5.373590208522212
2016,AZE,71,5.30358306188925
2016,BDI,71,5.392360000000001
2016,BEL,71,5.448068669527897
2016,BEN,71,5.427241379310345
2016,BFA,71,5.464428134556575
2016,BGD,71,5.465812459858703
2016,BGR,71,5.512990904226859
2016,BHR,71,5.44487012987013
2016,BHS,71,5.418133924175283
2016,BIH,71,5.3618886774500485
2016,BLR,71,5.4081892230576445
2016,BLZ,71,5.3857655954631385
2016,BOL,71,5.395875169606513
2016,BRA,71,5.428045977011495
2016,BRB,71,5.556737400530504
2016,BTN,71,5.531075085324232
2016,BWA,71,5.482390336935791
2016,CAF,71,5.416372453928225
2016,CAN,71,5.502568875651527
2016,CHE,71,5.524513788098694
2016,CHL,71,5.45988085106383
2016,CHN,71,5.488745696015742
2016,CIV,71,5.453438874230431
2016,CMR,71,5.512540473225404
2016,COD,71,5.443945445689236
2016,COG,71,5.479526748971193
2016,COL,71,5.408978046934141
2016,COM,71,5.515908818236353
2016,CPV,71,5.406847389558233
2016,CRI,71,5.43639668826494
2016,CUB,71,5.395261627906977
2016,CYP,71,5.451527541169789
2016,CZE,71,5.249775280898876
2016,DEU,71,5.461166489925769
2016,DMA,71,5.474870071684588
2016,DNK,71,5.508757431629013
2016,DOM,71,5.43159004867496
2016,DZA,71,5.439324221716022
2016,ECU,71,5.3995182555780925
2016,EGY,71,5.42898493259318
2016,ERI,71,5.33090209020902
2016,ESP,71,5.483239099185434
2016,EST,71,5.327822997416021
2016,ETH,71,5.429643987341772
2016,EU,71,5.396862139917696
2016,FIN,71,5.444652908067543
2016,FJI,71,5.560050684237202
2016,FRA,71,5.346595954612728
2016,FSM,71,5.491857461024499
2016,GAB,71,5.436337054758107
2016,GBR,71,5.425884955752212
2016,GEO,71,5.533029865125241
2016,GHA,71,5.448574690150033
2016,GIN,71,5.449729907773387
2016,GMB,71,5.338
2016,GNB,71,5.485024840312278
2016,GNQ,71,5.4701276024177306
2016,GRC,71,5.422891986062718
2016,GRD,71,5.509937416182388
2016,GTM,71,5.415061652281135
2016,GUY,71,5.48216457960644
2016,HND,71,5.4104735682819385
2016,HRV,71,5.46172706935123
2016,HTI,71,5.438070509766556
2016,HUN,71,5.389685442574981
2016,IDN,71,5.504175467099919
2016,IND,71,5.392152514872905
2016,IRL,71,5.445591928251121
2016,IRN,71,5.279611360239164
2016,IRQ,71,5.3402115003304695
2016,ISL,71,5.426362378976487
2016,ISR,71,5.365094602114636
2016,ITA,71,5.435344718532574
2016,JAM,71,5.430847967887607
2016,JOR,71,5.3625
2016,JPN,71,5.4171061269146605
2016,KAZ,71,5.520671046457062
2016,KEN,71,5.508233394833948
2016,KGZ,71,5.467483731019523
2016,KHM,71,5.3560955056179775
2016,KIR,71,5.579949937421777
2016,KNA,71,5.477827298050139
2016,KOR,71,5.371120466321243
2016,KWT,71,5.435506993006993
2016,LAO,71,5.523951675759937
2016,LBN,71,5.302602644398052
2016,LBR,71,5.501273712737127
2016,LBY,71,5.4158196181698495
2016,LCA,71,5.457379844961241
2016,LIE,71,5.361700507614213
2016,LKA,71,5.534188235294117
2016,LSO,71,5.453279952550415
2016,LTU,71,5.489565217391304
2016,LUX,71,5.374587224505043
2016,LVA,71,5.446265870052278
2016,MAR,71,5.483124525436598
2016,MCO,71,5.429053972104306
2016,MDA,71,5.394969217238346
2016,MDG,71,5.548608179419524
2016,MDV,71,5.483029772329247
2016,MEX,71,5.478732999284181
2016,MHL,71,5.5212658994548764
2016,MKD,71,5.374752656650788
2016,MLI,71,5.422833819241983
2016,MLT,71,5.43203895313451
2016,MMR,71,5.492768707482993
2016,MNE,71,5.452039702233251
2016,MNG,71,5.52791538122521
2016,MOZ,71,5.562402528977872
2016,MRT,71,5.477287909151636
2016,MUS,71,5.468326118326118
2016,MWI,71,5.488099117447386
2016,MYS,71,5.4105817174515245
2016,NAM,71,5.465026420079259
2016,NER,71,5.427848898216159
2016,NGA,71,5.411896758703482
2016,NIC,71,5.526008032128514
2016,NLD,71,5.4191131855309225
2016,NOR,71,5.504596829772571
2016,NPL,71,5.520136589403974
2016,NRU,71,5.493441475826972
2016,NZL,71,5.381886792452831
2016,OMN,71,5.508145161290322
2016,PAK,71,5.352326674500588
2016,PAN,71,5.534574468085108
2016,PER,71,5.479569767441861
2016,PHL,71,5.486820349761527
2016,PLW,71,5.519329729729729
2016,PNG,71,5.504904231625835
2016,POL,71,5.497620452310718
2016,PRK,71,5.317948588709678
2016,PRT,71,5.496827773995916
2016,PRY,71,5.455354752342704
2016,PSE,71,5.352697095435684
2016,QAT,71,5.313573407202217
2016,ROU,71,5.423994800693241
2016,RUS,71,5.3957863089731735
2016,RWA,71,5.5466773162939305
2016,SAU,71,5.376982142857142
2016,SDN,71,5.468267148014441
2016,SEN,71,5.407057926829268
2016,SGP,71,5.4906799450549455
2016,SLB,71,5.517179836512262
2016,SLE,71,5.468684050939964
2016,SLV,71,5.428033112582782
2016,SMR,71,5.459880341880342
2016,SOM,71,5.509781801299907
2016,SRB,71,5.47795381654907
2016,SSD,71,5.48652088772846
2016,STP,71,5.44135593220339
2016,SUR,71,5.5323500410846345
2016,SVK,71,5.420202090592334
2016,SVN,71,5.526790123456791
2016,SWE,71,5.488568507157464
2016,SWZ,71,5.501497189575882
2016,SYC,71,5.467127761767531
2016,SYR,71,5.253323895809739
2016,TCD,71,5.361214484679666
2016,TGO,71,5.481632955106068
2016,THA,71,5.546456413890857
2016,TJK,71,5.465587797619048
2016,TKM,71,5.497777777777778
2016,TLS,71,5.5341374269005845
2016,TON,71,5.442503856041131
2016,TTO,71,5.422999050933249
2016,TUN,71,5.573188405797102
2016,TUR,71,5.366786828422877
2016,TUV,71,5.56718708536046
2016,TZA,71,5.441390484003281
2016,UGA,71,5.427969121140143
2016,UKR,71,5.320684458398743
2016,URY,71,5.3139713896457765
2016,USA,71,5.447230501257984
2016,UZB,71,5.437898734177216
2016,VAT,71,5.386853785900783
2016,VCT,71,5.429258836944128
2016,VEN,71,5.330881481481482
2016,VNM,71,5.568656351791531
2016,VUT,71,5.494159123392091
2016,WSM,71,5.479072212065813
2016,YEM,71,5.332216704288938
2016,ZAF,71,5.401272189349113
2016,ZMB,71,5.528228867165037
2016,ZWE,71,5.476391639163916
2017,AFG,72,5.383345454545455
2017,AGO,72,5.450793854033291
2017,ALB,72,5.441845906902087
2017,AND,72,5.45159793814433
2017,ARE,72,5.409654994850669
2017,ARG,72,5.496069364161849
2017,ARM,72,5.420993657505285
2017,ATG,72,5.37035749265426
2017,AUS,72,5.467720242098184
2017,AUT,72,5.279941471571907
2017,AZE,72,5.440585141354371
2017,BDI,72,5.403504823151126
2017,BEL,72,5.432659511031604
2017,BEN,72,5.48223291626564
2017,BFA,72,5.428963963963964
2017,BGD,72,5.4658303378864135
2017,BGR,72,5.442374742621826
2017,BHR,72,5.417839448102853
2017,BHS,72,5.442678485864877
2017,BIH,72,5.461048034934498
2017,BLR,72,5.3933376205787775
2017,BLZ,72,5.484732620320855
2017,BOL,72,5.401184882533197
2017,BRA,72,5.482237061769615
2017,BRB,72,5.46578856152513
2017,BRN,72,5.588632619439868
2017,BTN,72,5.471867924528302
2017,BWA,72,5.452563636363636
2017,CAF,72,5.4715778341793575
2017,CAN,72,5.5496268907563024
2017,CHE,72,5.506537467700259
2017,CHL,72,5.464216499345264
2017,CHN,72,5.543941908713694
2017,CIV,72,5.407658501440922
2017,CMR,72,5.409023696682465
2017,COD,72,5.4263444108761325
2017,COG,72,5.42721212121212
2017,COL,72,5.402724919093851
2017,COM,72,5.456009825327511
2017,CPV,72,5.470072225869994
2017,CRI,72,5.466900293918155
2017,CUB,72,5.380745085605581
2017,CYP,72,5.389904904904904
2017,CZE,72,5.306933797909408
2017,DEU,72,5.428363483382414
2017,DJI,72,5.4033676703645
2017,DMA,72,5.405770513675784
2017,DNK,72,5.52700067704807
2017,DOM,72,5.350653879686137
2017,DZA,72,5.369042416452442
2017,ECU,72,5.512147562582346
2017,EGY,72,5.418302354399009
2017,ERI,72,5.452690763052209
2017,ESP,72,5.45936449579832
2017,EST,72,5.424611486486487
2017,ETH,72,5.44873417721519
2017,EU,72,5.376532180595582
2017,FIN,72,5.454773333333334
2017,FJI,72,5.503582375478927
2017,FRA,72,5.428320228734812
2017,FSM,72,5.513843338213762
2017,GAB,72,5.448122297714638
2017,GBR,72,5.419907315458458
2017,GEO,72,5.523346196251379
2017,GHA,72,5.496914446002806
2017,GIN,72,5.452267515923568
2017,GMB,72,5.528412073490813
2017,GNB,72,5.399974293059127
2017,GNQ,72,5.386156991005723
2017,GRC,72,5.4794327176781
2017,GRD,72,5.462968863142651
2017,GTM,72,5.467517772511848
2017,GUY,72,5.47364312267658
2017,HND,72,5.479382373351839
2017,HRV,72,5.508252054794521
2017,HTI,72,5.402044728434506
2017,HUN,72,5.420392405063292
2017,IDN,72,5.497148468185388
2017,IND,72,5.365976357267951
2017,IRL,72,5.477252450152078
2017,IRN,72,5.396475181260458
2017,IRQ,72,5.376700363930448
2017,ISL,72,5.506097240473061
2017,ISR,72,5.39671811166591
2017,ITA,72,5.420973534971645
2017,JAM,72,5.485652968036531
2017,JOR,72,5.421213517665131
2017,JPN,72,5.312066710268149
2017,KAZ,72,5.492308963238331
2017,KEN,72,5.488551686014372
2017,KGZ,72,5.49896839332748
2017,KHM,72,5.347544107268878
2017,KIR,72,5.561085574572127
2017,KNA,72,5.434507042253521
2017,KOR,72,5.465526090675791
2017,KWT,72,5.424087701612903
2017,LAO,72,5.523667348329925
2017,LBN,72,5.2425251959686445
2017,LBR,72,5.524207096307024
2017,LBY,72,5.412825788751714
2017,LCA,72,5.431857379767827
2017,LIE,72,5.388335419274092
2017,LKA,72,5.485995405819296
2017,LSO,72,5.448510935318753
2017,LTU,72,5.25458695652174
2017,LUX,72,5.388216432865732
2017,LVA,72,5.444368803701256
2017,MAR,72,5.42865837696335
2017,MCO,72,5.496135909393738
2017,MDA,72,5.364855735397607
2017,MDG,72,5.519541795665634
2017,MDV,72,5.449338755304102
2017,MEX,72,5.474150121065375
2017,MHL,72,5.442659968270756
2017,MKD,72,5.5076322580645165
2017,MLI,72,5.451714035854832
2017,MLT,72,5.482880733944954
2017,MMR,72,5.4091593475533255
2017,MNE,72,5.5190734557596
2017,MNG,72,5.45446697566628
2017,MOZ,72,5.494918681318682
2017,MRT,72,5.514301242236025
2017,MUS,72,5.478461962513782
2017,MWI,72,5.450198019801981
2017,MYS,72,5.365100143061516
2017,NAM,72,5.500436927413672
2017,NER,72,5.378051230537419
2017,NGA,72,5.375653710247351
2017,NIC,72,5.384494649227111
2017,NLD,72,5.472437948152234
2017,NOR,72,5.559222833562586
2017,NPL,72,5.483308510638297
2017,NRU,72,5.541404230317275
2017,NZL,72,5.502465224111283
2017,OMN,72,5.549417938931298
2017,PAK,72,5.295206949412367
2017,PAN,72,5.4491653116531165
2017,PER,72,5.430437756497948
2017,PHL,72,5.370872648781993
2017,PLW,72,5.49495857233907
2017,PNG,72,5.536432865731464
2017,POL,72,5.485120630231412
2017,PRK,72,5.296347150259067
2017,PRT,72,5.5029060838747785
2017,PRY,72,5.525259481037923
2017,PSE,72,5.357979771093958
2017,QAT,72,5.332134311076804
2017,ROU,72,5.5028284854563685
2017,RUS,72,5.398595074687122
2017,RWA,72,5.532266112266112
2017,SAU,72,5.402508474576272
2017,SDN,72,5.460922778047596
2017,SEN,72,5.401568441064638
2017,SGP,72,5.507646396396396
2017,SLB,72,5.482815988476773
2017,SLE,72,5.5263475347056
2017,SLV,72,5.479331306990882
2017,SMR,72,5.427822115384615
2017,SOM,72,5.476209728363866
2017,SRB,72,5.436113381001022
2017,SSD,72,5.521489146895507
2017,STP,72,5.482959133431807
2017,SUR,72,5.445137014314929
2017,SVK,72,5.442737752161384
2017,SVN,72,5.46869985141159
2017,SWE,72,5.496726392251817
2017,SWZ,72,5.529296977660972
2017,SYC,72,5.590329847144007
2017,SYR,72,5.244613138686131
2017,TCD,72,5.346009582477755
2017,TGO,72,5.468565555047968
2017,THA,72,5.522902985074627
2017,TJK,72,5.5169909365558905
2017,TKM,72,5.527823479005998
2017,TLS,72,5.553570601851852
2017,TON,72,5.551154910096819
2017,TTO,72,5.446152987158013
2017,TUN,72,5.465671140939597
2017,TUR,72,5.381363451363452
2017,TUV,72,5.497989309210527
2017,TZA,72,5.435783003741314
2017,UGA,72,5.308414634146341
2017,UKR,72,5.357553571428571
2017,URY,72,5.308226366001735
2017,USA,72,5.456568627450981
2017,UZB,72,5.499432387312186
2017,VAT,72,5.341417462000707
2017,VCT,72,5.366636750118092
2017,VEN,72,5.362175084175084
2017,VNM,72,5.516003086419753
2017,VUT,72,5.460120160213619
2017,WSM,72,5.471086289969339
2017,YEM,72,5.383279258400927
2017,ZAF,72,5.422186915887851
2017,ZMB,72,5.4820103473762005
2017,ZWE,72,5.450748349229641
2018,AFG,73,5.42573293768546
2018,AGO,73,5.45983193277311
2018,ALB,73,5.526192771084337
2018,AND,73,5.446963123644252
2018,ARE,73,5.353141025641025
2018,ARG,73,5.473507246376812
2018,ARM,73,5.439236245954693
2018,ATG,73,5.366282186948854
2018,AUS,73,5.54267042542286
2018,AUT,73,5.37172335600907
2018,AZE,73,5.46486646884273
2018,BDI,73,5.445698178664355
2018,BEL,73,5.456495553759095
2018,BEN,73,5.498940217391305
2018,BFA,73,5.417077782552643
2018,BGD,73,5.4986041666666665
2018,BGR,73,5.4515114964191485
2018,BHR,73,5.441787934186472
2018,BHS,73,5.42852593266606
2018,BIH,73,5.403991596638655
2018,BLR,73,5.462043294614572
2018,BLZ,73,5.455040567951318
2018,BOL,73,5.42337330552659
2018,BRA,73,5.520223642172525
2018,BRB,73,5.386150851581509
2018,BRN,73,5.581773399014779
2018,BTN,73,5.502040946896992
2018,BWA,73,5.5182020547945205
2018,CAF,73,5.5097578534031415
2018,CAN,73,5.498573558648111
2018,CHE,73,5.480491452991453
2018,CHL,73,5.440311156083987
2018,CHN,73,5.510133279483037
2018,CIV,73,5.416427996781979
2018,CMR,73,5.415524038461539
2018,COD,73,5.4149818181818175
2018,COG,73,5.45477738515901
2018,COL,73,5.428358585858586
2018,COM,73,5.433757170172084
2018,CPV,73,5.436642424242423
2018,CRI,73,5.458321554770317
2018,CUB,73,5.371198945981555
2018,CYP,73,5.460941043083899
2018,CZE,73,5.4114915797915
2018,DEU,73,5.413822821376987
2018,DJI,73,5.440708103855233
2018,DMA,73,5.371088618983356
2018,DNK,73,5.507139903514818
2018,DOM,73,5.440963488843813
2018,DZA,73,5.455665634674924
2018,ECU,73,5.5354765395894425
2018,EGY,73,5.418328075709779
2018,ERI,73,5.2843184296619405
2018,ESP,73,5.436319036427732
2018,EST,73,5.493698135898977
2018,ETH,73,5.50371650821089
2018,EU,73,5.524158829676072
2018,FIN,73,5.510222222222224
2018,FJI,73,5.50847526772055
2018,FRA,73,5.42252664824319
2018,FSM,73,5.426933638443935
2018,GAB,73,5.450577526679222
2018,GBR,73,5.450036585365853
2018,GEO,73,5.497467597208376
2018,GHA,73,5.456803394625177
2018,GIN,73,5.488945981554678
2018,GMB,73,5.554681274900397
2018,GNB,73,5.454097279472382
2018,GNQ,73,5.454654418197725
2018,GRC,73,5.381519823788547
2018,GRD,73,5.469466170080695
2018,GTM,73,5.372557947019867
2018,GUY,73,5.4644404113732605
2018,HND,73,5.466932938856015
2018,HRV,73,5.5025
2018,HTI,73,5.426358944954128
2018,HUN,73,5.412547065337764
2018,IDN,73,5.534469453376206
2018,IND,73,5.402546318289786
2018,IRL,73,5.450608190709047
2018,IRN,73,5.239113092444862
2018,IRQ,73,5.3384892897407
2018,ISL,73,5.538771186440678
2018,ISR,73,5.312363971718414
2018,ITA,73,5.516521239954075
2018,JAM,73,5.478791556728233
2018,JOR,73,5.466844827586207
2018,JPN,73,5.565664709022958
2018,KAZ,73,5.5130667800935775
2018,KEN,73,5.398442211055277
2018,KGZ,73,5.52648988136776
2018,KHM,73,5.400975813177649
2018,KIR,73,5.552383202099738
2018,KNA,73,5.470034965034965
2018,KOR,73,5.554273504273504
2018,KWT,73,5.3996021220159145
2018,LAO,73,5.477068557919622
2018,LBN,73,5.332480893592005
2018,LBR,73,5.508255908720456
2018,LBY,73,5.3773047945205485
2018,LCA,73,5.447464303298867
2018,LIE,73,5.431592140921409
2018,LKA,73,5.437463175122749
2018,LSO,73,5.47413296398892
2018,LTU,73,5.333642384105961
2018,LUX,73,5.394233252623083
2018,LVA,73,5.479557783018868
2018,MAR,73,5.503189858490566
2018,MCO,73,5.479453924914676
2018,MDA,73,5.474284188034188
2018,MDG,73,5.482189960629922
2018,MDV,73,5.4842555147058825
2018,MEX,73,5.518891156462585
2018,MHL,73,5.448554707379135
2018,MKD,73,5.402545454545455
2018,MLI,73,5.478759770713913
2018,MLT,73,5.428538122243227
2018,MMR,73,5.436335141651598
2018,MNE,73,5.49170509383378
2018,MNG,73,5.475858494817485
2018,MOZ,73,5.533425925925926
2018,MRT,73,5.4740024783147465
2018,MUS,73,5.472527924750147
2018,MWI,73,5.489486094316808
2018,MYS,73,5.28269717624148
2018,NAM,73,5.480165949600491
2018,NER,73,5.467349753694582
2018,NGA,73,5.447992978349912
2018,NIC,73,5.36621052631579
2018,NLD,73,5.489819168173599
2018,NOR,73,5.521652694610778
2018,NPL,73,5.505925432756325
2018,NRU,73,5.503182686187142
2018,NZL,73,5.471721746226031
2018,OMN,73,5.46228476821192
2018,PAK,73,5.370163607342379
2018,PAN,73,5.539832020997375
2018,PER,73,5.429343474779824
2018,PHL,73,5.469459269662922
2018,PLW,73,5.553369923161361
2018,PNG,73,5.600748399803053
2018,POL,73,5.482592391304348
2018,PRK,73,5.408869659275284
2018,PRT,73,5.463195435092724
2018,PRY,73,5.515233739837398
2018,PSE,73,5.358758641418696
2018,QAT,73,5.356666666666667
2018,ROU,73,5.563562386980108
2018,RUS,73,5.371868978805395
2018,RWA,73,5.491522633744856
2018,SAU,73,5.398336330935252
2018,SDN,73,5.429716269242379
2018,SEN,73,5.523684538653368
2018,SGP,73,5.477132542547705
2018,SLB,73,5.529072164948453
2018,SLE,73,5.58073967339097
2018,SLV,73,5.485888888888889
2018,SMR,73,5.459681614349776
2018,SOM,73,5.516535141800246
2018,SRB,73,5.506681759379043
2018,SSD,73,5.47900826446281
2018,STP,73,5.510819672131148
2018,SUR,73,5.444686635944701
2018,SVK,73,5.396501079913607
2018,SVN,73,5.464660018132367
2018,SWE,73,5.4749730700179535
2018,SWZ,73,5.495432984004412
2018,SYC,73,5.548401109057301
2018,SYR,73,5.265601082334751
2018,TCD,73,5.381559213534522
2018,TGO,73,5.488978102189781
2018,THA,73,5.529076396807298
2018,TJK,73,5.457852760736197
2018,TKM,73,5.571188940092165
2018,TLS,73,5.47295593220339
2018,TON,73,5.516378326996199
2018,TTO,73,5.4095984112974405
2018,TUN,73,5.490669833729217
2018,TUR,73,5.444203618304363
2018,TUV,73,5.544846468781986
2018,TZA,73,5.423632989690722
2018,UGA,73,5.451904761904762
2018,UKR,73,5.370582706766918
2018,URY,73,5.423691322901849
2018,USA,73,5.498853211009174
2018,UZB,73,5.488187608569773
2018,VAT,73,5.441703585293445
2018,VCT,73,5.343755522827688
2018,VEN,73,5.372906548933039
2018,VNM,73,5.586693349753695
2018,VUT,73,5.517936979785969
2018,WSM,73,5.487223823246878
2018,YEM,73,5.386652030735456
2018,ZAF,73,5.478848704038577
2018,ZMB,73,5.53451951951952
2018,ZWE,73,5.529450636942675
2019,AFG,74,5.497924217462933
2019,AGO,74,5.426401785714286
2019,ALB,74,5.395629047178539
2019,AND,74,5.429156219864995
2019,ARE,74,5.423655984303466
2019,ARG,74,5.459176928062217
2019,ARM,74,5.4673082223243
2019,ATG,74,5.350509515039901
2019,AUS,74,5.595238095238095
2019,AUT,74,5.378565539983512
2019,AZE,74,5.405566265060241
2019,BDI,74,5.407006369426752
2019,BEL,74,5.41740125930166
2019,BEN,74,5.474474114441417
2019,BFA,74,5.413872196360559
2019,BGD,74,5.521379673512375
2019,BGR,74,5.462992602555481
2019,BHR,74,5.428701059419622
2019,BHS,74,5.430267798824298
2019,BIH,74,5.424523608768971
2019,BLR,74,5.403413413413413
2019,BLZ,74,5.425495911837896
2019,BOL,74,5.441033434650456
2019,BRA,74,5.480439488356838
2019,BRB,74,5.433429792831305
2019,BRN,74,5.520142711518859
2019,BTN,74,5.548608
2019,BWA,74,5.495099337748344
2019,CAF,74,5.496869129618034
2019,CAN,74,5.560020100502513
2019,CHE,74,5.574770642201835
2019,CHL,74,5.449669830788278
2019,CHN,74,5.5099225438238895
2019,CIV,74,5.491195488721805
2019,CMR,74,5.454034511092851
2019,COD,74,5.447518435395961
2019,COG,74,5.405827384815055
2019,COL,74,5.370466257668712
2019,COM,74,5.455975029726517
2019,CPV,74,5.562941176470588
2019,CRI,74,5.46966649563879
2019,CUB,74,5.408886663996796
2019,CYP,74,5.428097484276729
2019,CZE,74,5.462290268456376
2019,DEU,74,5.3745523138833
2019,DJI,74,5.433978798586573
2019,DMA,74,5.429063711911357
2019,DNK,74,5.520753384343731
2019,DOM,74,5.474685516445471
2019,DZA,74,5.431961195595176
2019,ECU,74,5.408703527168732
2019,EGY,74,5.430511739915714
2019,ERI,74,5.442394136807818
2019,ESP,74,5.437519230769231
2019,EST,74,5.51432919954904
2019,ETH,74,5.53617774566474
2019,EU,74,5.392765647743814
2019,FIN,74,5.463087136929461
2019,FJI,74,5.471643192488263
2019,FRA,74,5.465756490599821
2019,FSM,74,5.488978965819457
2019,GAB,74,5.421834490740741
2019,GBR,74,5.4686602357985
2019,GEO,74,5.443167701863355
2019,GHA,74,5.451431492842536
2019,GIN,74,5.560917186108638
2019,GMB,74,5.51251623931624
2019,GNB,74,5.464661989795919
2019,GNQ,74,5.456695137976347
2019,GRC,74,5.470555555555555
2019,GRD,74,5.453915171288744
2019,GTM,74,5.4344834307992205
2019,GUY,74,5.507692307692308
2019,HND,74,5.35811062771908
2019,HRV,74,5.517274535809018
2019,HTI,74,5.470518191841235
2019,HUN,74,5.472269849001461
2019,IDN,74,5.557314814814816
2019,IND,74,5.539944954128441
2019,IRL,74,5.46558367768595
2019,IRN,74,5.394977064220184
2019,IRQ,74,5.397384552513282
2019,ISL,74,5.512902055622733
2019,ISR,74,5.3674416135881104
2019,ITA,74,5.5108553230209285
2019,JAM,74,5.463047515019115
2019,JOR,74,5.503745892661556
2019,JPN,74,5.507477423239012
2019,KAZ,74,5.507507635919364
2019,KEN,74,5.551859931113663
2019,KGZ,74,5.491202820406471
2019,KHM,74,5.393137813211844
2019,KIR,74,5.524714828897339
2019,KNA,74,5.453300264550264
2019,KOR,74,5.522783251231528
2019,KWT,74,5.36497215592681
2019,LAO,74,5.528102409638555
2019,LBN,74,5.381377749029754
2019,LBR,74,5.455090425531915
2019,LBY,74,5.318106719367589
2019,LCA,74,5.44891979301423
2019,LIE,74,5.397340720221607
2019,LKA,74,5.390547159979155
2019,LSO,74,5.425956444967628
2019,LTU,74,5.458148148148148
2019,LUX,74,5.420298262864635
2019,LVA,74,5.5321875
2019,MAR,74,5.493321033210332
2019,MCO,74,5.473914157591287
2019,MDA,74,5.41078143593812
2019,MDG,74,5.470022383883604
2019,MDV,74,5.434366197183099
2019,MEX,74,5.476192358366272
2019,MHL,74,5.494699683877766
2019,MKD,74,5.512198731501058
2019,MLI,74,5.440191446028513
2019,MLT,74,5.49908736349454
2019,MMR,74,5.421704057279236
2019,MNE,74,5.440595677385345
2019,MNG,74,5.487005
2019,MOZ,74,5.487361930294906
2019,MRT,74,5.535584512285928
2019,MUS,74,5.416681222707424
2019,MWI,74,5.453473265576668
2019,MYS,74,5.322050508857896
2019,NAM,74,5.474286649214659
2019,NER,74,5.440345110928512
2019,NGA,74,5.477315123251167
2019,NIC,74,5.469701357466064
2019,NLD,74,5.515226652102677
2019,NOR,74,5.498232558139536
2019,NPL,74,5.464394240317775
2019,NRU,74,5.513328495403967
2019,NZL,74,5.436076458752515
2019,OMN,74,5.525449612403101
2019,PAK,74,5.321619924654667
2019,PAN,74,5.55772475027747
2019,PER,74,5.442510781025396
2019,PHL,74,5.330482497634815
2019,PLW,74,5.545793216630196
2019,PNG,74,5.576028119507908
2019,POL,74,5.448034376377259
2019,PRK,74,5.464918699186992
2019,PRT,74,5.49
2019,PRY,74,5.465273846153846
2019,PSE,74,5.390229400749063
2019,QAT,74,5.371153846153846
2019,ROU,74,5.475576923076923
2019,RUS,74,5.3483660377358495
2019,RWA,74,5.535551401869159
2019,SAU,74,5.260837438423646
2019,SDN,74,5.499252717391304
2019,SEN,74,5.467532110091743
2019,SGP,74,5.4749898580121705
2019,SLB,74,5.529956536275493
2019,SLE,74,5.539078726968175
2019,SLV,74,5.481830742659758
2019,SMR,74,5.44212311557789
2019,SOM,74,5.5088469264764965
2019,SRB,74,5.458959379278868
2019,SSD,74,5.517574974146846
2019,STP,74,5.455343642611684
2019,SUR,74,5.46690445026178
2019,SVK,74,5.440857719475278
2019,SVN,74,5.520859205776173
2019,SWE,74,5.513329639889197
2019,SWZ,74,5.509951113525258
2019,SYC,74,5.493058933582788
2019,SYR,74,5.295701584847313
2019,TCD,74,5.390819954128441
2019,TGO,74,5.440062965083
2019,THA,74,5.400246198406952
2019,TJK,74,5.469206819866568
2019,TKM,74,5.570732484076432
2019,TLS,74,5.5343129251700685
2019,TON,74,5.5141716417910445
2019,TTO,74,5.435600466381655
2019,TUN,74,5.4836562150056
2019,TUR,74,5.3941237709658765
2019,TUV,74,5.537177006260672
2019,TZA,74,5.491580901856764
2019,UGA,74,5.45279261777562
2019,UKR,74,5.348949249463903
2019,URY,74,5.414969558599696
2019,USA,74,5.522974238875878
2019,VAT,74,5.416317119393557
2019,VCT,74,5.380616221114636
2019,VEN,74,5.328743975903614
2019,VNM,74,5.536519410977242
2019,VUT,74,5.4975609756097565
2019,WSM,74,5.494021031547321
2019,YEM,74,5.376301369863014
2019,ZAF,74,5.503958041958042
2019,ZMB,74,5.464393837910248
2019,ZWE,74,5.478932038834951
